,name
0,Bible
1,Facebook
2,LinkedIn
3,Google Earth
4,PAC-MAN
5,Allrecipes Dinner Spinner
6,Speedtest by Ookla
7,Citi Mobile®
8,Tumblr
9,DIRECTV
10,Doodle Jump
11,Fandango Movies - Times + Tickets
12,myAT&T
13,Indeed Job Search
14,WhatsApp Messenger
15,Wells Fargo Mobile
16,USAA Mobile
17,Best Buy
18,Sky News
19,NBC News
20,Epson iPrint
21,Mad Libs
22,Dropbox
23,Geocaching®
24,Starbucks
25,Twitter
26,NBA
27,AirWatch Agent
28,Redbox
29,DB Navigator
30,Southwest Airlines
31,Star Chart
32,Pocket Yoga
33,The Washington Post Classic
34,F-Sim Space Shuttle
35,"Univision Deportes: Liga MX, MLS, Fútbol En Vivo"
36,Kik
37,Solitaire
38,Amex Mobile
39,Fruit Ninja Classic
40,Netflix
41,Uber
42,WEB.DE Mail
43,Chase Mobile
44,TED
45,Edmodo
46,Fly Delta
47,NFL
48,Instagram
49,Paprika Recipe Manager
50,GroupMe
51,myChevrolet
52,Airbnb
53,NBA JAM by EA SPORTS™
54,Fruit Ninja®
55,Puffin Browser Pro
56,The Guardian
57,Mad Skills Motocross
58,Microsoft OneNote
59,WeChat
60,Google Translate
61,GMX Mail
62,Temple Run
63,Angry Birds Rio
64,My Horse
65,MTV
66,Dude Perfect
67,WatchESPN
68,Pinterest
69,iFunny :)
70,ROBLOX
71,Nyan Cat: Lost In Space
72,PBS KIDS Video
73,Domino's Pizza USA
74,Snapseed
75,ADP Mobile Solutions
76,Snapchat
77,Where's My Water?
78,United Airlines
79,Messenger
80,Jetpack Joyride
81,ASOS
82,Trello
83,Fitbit
84,NHL
85,The Sims™ FreePlay
86,Bejeweled Blitz
87,YouNow: Live Stream Video Chat
88,Puffin Web Browser
89,Kids A-Z
90,NCAA Sports
91,Bejeweled Classic
92,Cytus
93,Chick-fil-A
94,LEGO® Juniors Create & Cruise
95,The CW
96,Tom's Love Letters
97,The Simpsons™: Tapped Out
98,Angry Birds Space HD
99,Regal Cinemas
100,"Muscle Premium - Human Anatomy, Kinesiology, Bones"
101,USA TODAY
102,Battlefield™ Companion
103,Hay Day
104,AnatomyMapp
105,Subway Surfers
106,Baldur's Gate: Enhanced Edition
107,Fuel Rewards® program
108,Tom Loves Angela
109,Flow Free
110,Storm Shield
111,Photo Editor by Aviary
112,Clash of Clans
113,Zombie Tsunami
114,Wish - Shopping Made Fun
115,Bad Piggies
116,Dr. Panda Hospital
117,Hungry Shark Evolution
118,UNO ™ & Friends
119,NBC Sports
120,Bad Piggies HD
121,Amazon Prime Video
122,Can Knockdown 3
123,Photo Editor-
124,Traffic Racer
125,Tinder
126,True Skate
127,STARZ
128,WWE
129,ClassDojo
130,NASCAR MOBILE
131,Candy Crush Saga
132,Angry Birds Friends
133,Real Racing 3
134,Angry Birds Star Wars
135,T-Mobile
136,Bloons TD 5
137,Hill Climb Racing
138,"sugar, sugar"
139,Timehop
140,LEGO Batman: DC Super Heroes
141,Temple Run 2
142,Afterlight
143,Pou
144,Injustice: Gods Among Us
145,Ingress
146,Threema
147,Sonic Dash
148,Microsoft Word
149,Microsoft PowerPoint
150,Microsoft Excel
151,PicsArt Photo Studio: Collage Maker & Pic Editor
152,VSCO
153,H&M
154,Nick
155,Real Basketball
156,Plants vs. Zombies™ 2
157,Smash Hit
158,Farm Heroes Saga
159,Dr. Panda Supermarket
160,FINAL FANTASY V
161,Asphalt 8: Airborne
162,Talking Ginger 2
163,Yahoo Weather
164,Township
165,Angry Birds Go!
166,Hangouts
167,"Alizay, pirate girl"
168,Verizon Cloud
169,Seven - 7 Minute Workout Training Challenge
170,Trivia Crack
171,Toca Builders
172,Episode - Choose Your Story
173,My Talking Tom
174,My Talking Pet
175,Fishdom
176,Battleheart Legacy
177,Boom Beach
178,WGT Golf Game by Topgolf
179,Frozen Free Fall
180,Shadow Fight 2
181,Geometry Dash Lite
182,Cooking Fever
183,Swamp Attack
184,DoorDash - Food Delivery
185,Hitman GO
186,Xbox
187,Farming Simulator 14
188,Google Play Movies & TV
189,AJ Jump: Animal Jam Kangaroos!
190,Grand Theft Auto: San Andreas
191,Angry Birds Epic RPG
192,LEGO® Friends
193,War Robots
194,Crazy Freekick
195,Just Dance Now
196,Wishbone - Compare Anything
197,BET NOW - Watch Shows
198,Google Docs
199,Google Sheets
200,Zombie Catchers
201,Score! Hero
202,Candy Crush Soda Saga
203,Red Ball 4
204,Summoners War
205,Peggle Blast
206,SONIC Drive-In
207,Google Slides
208,Angry Birds 2
209,Assassin's Creed Identity
210,XCOM®: Enemy Within
211,My Emma :)
212,Need for Speed™ No Limits
213,Toy Blast
214,Earn to Die 2
215,MARVEL Contest of Champions
216,Call of Duty®: Heroes
217,Dr. Panda & Toto's Treehouse
218,Hitman Sniper
219,Google Street View
220,aa
221,My Talking Angela
222,My College Bookstore
223,Adobe Illustrator Draw
224,DRAGON QUEST
225,Tiny Archers
226,Five Nights at Freddy's
227,SimCity BuildIt
228,My Movies Pro - Movie & TV Collection Library
229,Inside Out Thought Bubbles
230,Dubsmash
231,Cartoon Wars 3
232,Star Wars™: Galaxy of Heroes
233,McDonald's
234,Google Classroom
235,Dumb Ways to Die 2: The Games
236,PES CLUB MANAGER
237,Mobile Strike
238,YouTube Kids
239,Bike Unchained
240,Five Nights at Freddy's 2
241,Dude Perfect 2
242,Toca Kitchen 2
243,SNCF
244,I am Bread
245,MORTAL KOMBAT X
246,Gear.Club - True Racing
247,Deck Heroes: Legacy
248,Alto's Adventure
249,DRAGON BALL Z DOKKAN BATTLE
250,MARVEL Future Fight
251,Tsuro - The Game of the Path
252,Get 'Em
253,Dragon Hills
254,OK K.O.! Lakewood Plaza Turbo
255,Does not Commute
256,Five Nights at Freddy's 3
257,Discord - Chat for Gamers
258,Toca Life: City
259,Fallout Shelter
260,Farming Simulator 16
261,"Egg, Inc."
262,Sago Mini Babies
263,U by BB&T
264,Agar.io
265,SHOWTIME
266,Plants vs. Zombies™ Heroes
267,"Please, Don't Touch Anything"
268,Animal Jam - Play Wild!
269,Army of Heroes
270,Bullet Force
271,Design Home
272,Don't Starve: Pocket Edition
273,AMC
274,Rolling Sky
275,Talking Tom Bubble Shooter
276,Shopkins World!
277,Thomas & Friends: Race On!
278,Boomerang from Instagram
279,Geometry Dash Meltdown
280,Disney Crossy Road
281,Hungry Shark World
282,Candy Crush Jelly Saga
283,RISK: Global Domination
284,Clash Royale
285,Philips Hue
286,NBA LIVE Mobile Basketball
287,Firefox Focus: The privacy browser
288,Tomb of the Mask
289,Driving Zone
290,H*nest Meditation
291,MARVEL Avengers Academy
292,Fernanfloo
293,Choices: Stories You Play
294,My Little Pony: Harmony Quest
295,Smashy Road: Arena
296,FINAL FANTASY BRAVE EXVIUS
297,King of Avalon: Dragon Warfare
298,Retro City Rampage DX
299,Riptide GP: Renegade
300,slither.io
301,PewDiePie's Tuber Simulator
302,Pokémon GO
303,PAC-MAN Pop
304,T-Mobile Tuesdays
305,Geometry Dash World
306,RollerCoaster Tycoon® Classic
307,diep.io
308,Dr. Panda Farm
309,The Game of Life
310,Endless Ducker
311,Out There Chronicles - Ep. 1
312,Angry Birds Blast
313,The EO Bar
314,Uber Driver
315,Premier League - Official App
316,Whataburger
317,Hot Wheels: Race Off
318,Narcos: Cartel Wars
319,Super Mario Run
320,Vikings: an Archer's Journey
321,Hill Climb Racing 2
322,Infinite Painter
323,Don't Starve: Shipwrecked
324,Pineapple Pen
325,Super Jabber Jump
326,Ao Oni2
327,Peppa Pig: Party Time
